Occupational Category,Estimate_Total,Estimate_Men,Estimate_Women,Estimate_Women,Median Earnings Estimate Total,Men Median Earnings Estimate Total,Women Median Earnings Estimate Total,Estimate of Women's earnings as a percentage of men's earnings
"Management, Business, Science, and Arts Occupations","44,274,859","22,578,160","21,696,699",49.0,"65,004","76,692","55,474",72.3
"Management, Business, and Financial Occupations","19,812,917","11,195,064","8,617,853",43.5,"70,602","80,473","60,751",75.5
Management Occupations,"13,689,475","8,380,083","5,309,392",38.8,"73,688","81,829","62,254",76.1
Chief executives,"1,068,258","813,898","254,360",23.8,"130,266","141,108","103,564",73.4
General and operations managers,"834,005","588,111","245,894",29.5,"70,686","76,246","56,906",74.6
Legislators,"13,966","7,431","6,535",46.8,"65,592","67,233","63,788",94.9
Advertising and promotions managers,"42,996","17,752","25,244",58.7,"67,082","79,594","61,173",76.9
Marketing and sales managers,"843,840","464,995","378,845",44.9,"82,357","100,137","69,079",69.0
Public relations and fundraising managers,"51,121","16,705","34,416",67.3,"77,835","84,016","75,260",89.6
Administrative services managers,"136,431","82,550","53,881",39.5,"64,208","69,788","60,177",86.2
Computer and information systems managers,"564,747","413,250","151,497",26.8,"103,513","107,411","95,603",89.0
Financial managers,"1,067,163","506,068","561,095",52.6,"76,178","100,505","62,089",61.8
Compensation and benefits managers,"17,074","4,254","12,820",75.1,"71,605","93,895","70,251",(X)
Human resources managers,"369,518","143,842","225,676",61.1,"72,008","77,463","70,342",90.8
Training and development managers,"49,960","23,959","26,001",52.0,"72,153","82,392","64,686",78.5
Industrial production managers,"220,263","176,191","44,072",20.0,"76,077","77,262","70,073",90.7
Purchasing managers,"181,255","94,445","86,810",47.9,"76,501","82,307","70,023",85.1
"Transportation, storage, and distribution managers","222,794","182,671","40,123",18.0,"52,485","52,318","54,796",104.7
"Farmers, ranchers, and other agricultural managers","451,680","400,989","50,691",11.2,"41,404","42,190","30,405",72.1
Construction managers,"573,250","528,329","44,921",7.8,"71,331","71,907","62,218",86.5
Education administrators,"747,962","282,062","465,900",62.3,"70,748","80,380","64,509",80.3
Architectural and engineering managers,"144,812","131,956","12,856",8.9,"130,293","130,300","130,255",100.0
Food service managers,"792,807","436,773","356,034",44.9,"38,380","42,601","31,861",74.8
Funeral service managers,"5,733","4,173","1,560",27.2,"60,848","60,487","61,597",(X)
Gaming managers,"15,477","10,129","5,348",34.6,"55,674","56,664","52,872",93.3
Lodging managers,"107,568","50,893","56,675",52.7,"45,875","51,697","41,285",79.9
Medical and health services managers,"606,615","176,012","430,603",71.0,"71,739","87,311","66,855",76.6
Natural sciences managers,"17,916","8,464","9,452",52.8,"92,161","111,817","76,768",68.7
Postmasters and mail superintendents,"20,947","11,398","9,549",45.6,"71,429","72,401","67,745",93.6
"Property, real estate, and community association managers","459,115","233,710","225,405",49.1,"51,957","61,797","46,405",75.1
Social and community service managers,"296,269","91,027","205,242",69.3,"56,610","68,388","52,444",76.7
Emergency management directors,"7,304","5,663","1,641",22.5,"68,834","68,407","70,337",(X)
"Managers, all other","3,758,629","2,472,383","1,286,246",34.2,"78,843","84,600","67,769",80.1
Business and Financial Operations Occupations,"6,123,442","2,814,981","3,308,461",54.0,"63,511","74,011","56,897",76.9
"Agents and business managers of artists, performers, and athletes","33,337","17,328","16,009",48.0,"51,728","55,328","50,761",91.7
"Buyers and purchasing agents, farm products","7,795","5,584","2,211",28.4,"66,349","69,214","57,352",(X)
"Wholesale and retail buyers, except farm products","139,871","71,088","68,783",49.2,"41,625","41,612","41,637",100.1
"Purchasing agents, except wholesale, retail, and farm products","253,717","122,410","131,307",51.8,"54,740","60,366","51,121",84.7
"Claims adjusters, appraisers, examiners, and investigators","271,129","105,531","165,598",61.1,"52,582","60,840","50,024",82.2
Compliance officers,"226,344","107,204","119,140",52.6,"69,262","73,211","64,588",88.2
Cost estimators,"122,804","105,522","17,282",14.1,"63,106","65,805","49,752",75.6
Human resources workers,"678,049","188,438","489,611",72.2,"57,369","66,412","54,975",82.8
"Compensation, benefits, and job analysis specialists","47,978","10,731","37,247",77.6,"54,108","62,886","51,522",81.9
Training and development specialists,"111,303","50,284","61,019",54.8,"58,739","65,332","52,456",80.3
Logisticians,"117,328","77,464","39,864",34.0,"52,260","55,233","50,220",90.9
Management analysts,"630,863","369,877","260,986",41.4,"83,080","91,169","76,338",83.7
"Meeting, convention, and event planners","96,349","24,116","72,233",75.0,"46,598","42,729","47,221",110.5
Fundraisers,"68,581","20,709","47,872",69.8,"66,048","77,186","64,272",83.3
Market research analysts and marketing specialists,"237,008","103,644","133,364",56.3,"70,985","82,565","64,398",78.0
"Business operations specialists, all other","236,553","110,674","125,879",53.2,"61,811","73,014","52,499",71.9
Accountants and auditors,"1,628,824","656,553","972,271",59.7,"63,740","76,129","57,370",75.4
Appraisers and assessors of real estate,"73,690","50,409","23,281",31.6,"60,533","62,298","50,291",80.7
Budget analysts,"42,410","16,123","26,287",62.0,"71,237","75,399","68,955",91.5
Credit analysts,"26,382","12,589","13,793",52.3,"53,909","58,520","51,419",87.9
Financial analysts,"194,932","117,808","77,124",39.6,"82,415","93,203","73,427",78.8
Personal financial advisors,"327,459","231,444","96,015",29.3,"91,150","101,634","69,479",68.4
Insurance underwriters,"98,194","36,949","61,245",62.4,"61,197","73,389","56,465",76.9
Financial examiners,"14,812","7,827","6,985",47.2,"79,594","85,285","70,328",82.5
Credit counselors and loan officers,"292,543","132,203","160,340",54.8,"59,219","76,686","50,325",65.6
"Tax examiners and collectors, and revenue agents","42,395","15,901","26,494",62.5,"51,797","61,586","50,296",81.7
Tax preparers,"55,325","23,690","31,635",57.2,"55,336","70,019","48,033",68.6
"Financial specialists, all other","47,467","22,881","24,586",51.8,"61,271","85,274","50,828",59.6
"Computer, Engineering, and Science Occupations","7,336,002","5,591,448","1,744,554",23.8,"80,279","82,347","70,044",85.1
Computer and Mathematical Occupations,"3,884,352","2,925,768","958,584",24.7,"81,760","85,427","72,472",84.8
Computer and information research scientists,"16,406","13,203","3,203",19.5,"101,205","102,464","90,480",(X)
Computer systems analysts,"448,325","267,043","181,282",40.4,"80,219","85,192","72,409",85.0
Information security analysts,"74,659","60,291","14,368",19.2,"91,119","93,450","85,895",91.9
Computer programmers,"370,512","293,334","77,178",20.8,"85,795","87,064","80,528",92.5
"Software developers, applications and systems software","1,124,661","918,865","205,796",18.3,"100,760","101,969","88,759",87.0
Web developers,"138,048","92,611","45,437",32.9,"63,173","67,356","56,860",84.4
Computer support specialists,"553,718","418,848","134,870",24.4,"58,027","60,363","52,699",87.3
Database administrators,"99,602","62,319","37,283",37.4,"81,082","90,749","60,838",67.0
Network and computer systems administrators,"192,293","157,000","35,293",18.4,"73,483","74,896","69,127",92.3
Computer network architects,"92,872","86,504","6,368",6.9,"98,374","98,123","100,471",102.4
"Computer occupations, all other","569,272","445,016","124,256",21.8,"70,492","71,112","66,521",93.5
Actuaries,"25,197","17,769","7,428",29.5,"108,576","125,465","92,500",73.7
Mathematicians,"1,288","1,035",253,19.6,"121,912","130,431","81,991",(X)
Operations research analysts,"126,989","63,903","63,086",49.7,"81,092","85,955","76,005",88.4
Statisticians,"47,469","26,411","21,058",44.4,"81,345","82,414","80,027",97.1
Miscellaneous mathematical science occupations,"3,041","1,616","1,425",46.9,"66,960","85,022","46,676",(X)
Architecture and Engineering Occupations,"2,437,331","2,095,090","342,241",14.0,"81,125","82,192","71,072",86.5
"Architects, except naval","157,568","119,954","37,614",23.9,"76,154","81,075","61,765",76.2
"Surveyors, cartographers, and photogrammetrists","27,429","22,619","4,810",17.5,"61,119","62,390","55,812",(X)
Aerospace engineers,"114,956","102,611","12,345",10.7,"102,350","104,133","91,982",88.3
Agricultural engineers,"1,976","1,811",165,8.4,"82,707","83,329",-,(X)
Biomedical engineers,"12,988","10,977","2,011",15.5,"82,150","82,307","80,583",(X)
Chemical engineers,"57,812","46,688","11,124",19.2,"100,425","101,626","84,137",82.8
Civil engineers,"311,007","271,698","39,309",12.6,"86,606","89,218","75,052",84.1
Computer hardware engineers,"48,767","42,855","5,912",12.1,"93,870","95,911","90,712",(X)
Electrical and electronics engineers,"186,214","171,539","14,675",7.9,"96,538","98,702","81,370",82.4
Environmental engineers,"27,552","19,945","7,607",27.6,"80,421","81,736","75,468",92.3
"Industrial engineers, including health and safety","183,615","145,311","38,304",20.9,"79,761","80,491","75,753",94.1
Marine engineers and naval architects,"10,619","9,501","1,118",10.5,"90,840","91,898","80,611",(X)
Materials engineers,"34,668","31,741","2,927",8.4,"81,420","81,479","80,865",(X)
Mechanical engineers,"245,579","228,477","17,102",7.0,"84,486","84,537","84,034",99.4
"Mining and geological engineers, including mining safety engineers","8,540","7,389","1,151",13.5,"93,125","95,068","92,216",(X)
Nuclear engineers,"6,902","5,756","1,146",16.6,"95,190","96,151","74,659",(X)
Petroleum engineers,"22,671","19,383","3,288",14.5,"141,359","150,247","112,500",(X)
"Engineers, all other","471,817","411,849","59,968",12.7,"93,058","95,214","85,464",89.8
Drafters,"132,332","110,629","21,703",16.4,"52,899","54,290","50,363",92.8
"Engineering technicians, except drafters","319,240","262,975","56,265",17.6,"55,953","58,274","48,448",83.1
Surveying and mapping technicians,"55,079","51,382","3,697",6.7,"50,071","50,231","46,731",(X)
"Life, Physical, and Social Science Occupations","1,014,319","570,590","443,729",43.7,"65,257","70,191","60,646",86.4
Agricultural and food scientists,"21,091","13,559","7,532",35.7,"70,220","71,570","64,842",90.6
Biological scientists,"65,111","35,893","29,218",44.9,"61,171","65,122","56,853",87.3
Conservation scientists and foresters,"18,235","14,086","4,149",22.8,"60,447","60,340","60,827",(X)
Medical scientists,"116,550","54,653","61,897",53.1,"74,534","80,827","71,175",88.1
"Life scientists, all other","4,116","2,467","1,649",40.1,"65,765","81,388","54,712",(X)
Astronomers and physicists,"9,881","7,669","2,212",22.4,"93,935","101,448","68,105",(X)
Atmospheric and space scientists,"10,037","8,609","1,428",14.2,"90,434","91,465","84,167",(X)
Chemists and materials scientists,"77,023","49,013","28,010",36.4,"70,594","75,433","63,426",84.1
Environmental scientists and geoscientists,"63,449","42,834","20,615",32.5,"72,831","79,279","60,315",76.1
"Physical scientists, all other","192,236","115,118","77,118",40.1,"77,439","87,134","65,913",75.6
Economists,"21,747","15,164","6,583",30.3,"109,562","111,514","103,723",93.0
Survey researchers,"1,453",423,"1,030",70.9,"64,230","23,794","64,931",(X)
Psychologists,"121,887","37,701","84,186",69.1,"72,789","90,586","69,134",76.3
Urban and regional planners,"21,747","12,910","8,837",40.6,"70,647","74,634","65,309",87.5
"Miscellaneous social scientists and related workers, including sociologists","24,486","12,996","11,490",46.9,"61,924","67,455","57,068",84.6
Agricultural and food science technicians,"27,668","16,564","11,104",40.1,"45,039","48,340","40,927",84.7
Biological technicians,"16,216","8,401","7,815",48.2,"49,041","50,495","44,796",88.7
Chemical technicians,"56,741","40,491","16,250",28.6,"52,188","54,898","48,580",88.5
Geological and petroleum technicians,"12,268","9,465","2,803",22.8,"71,250","71,414","70,152",(X)
Nuclear technicians,"3,432","3,144",288,8.4,"84,688","87,628","78,893",(X)
Social science research assistants,"1,723",219,"1,504",87.3,"41,644","50,617","41,419",(X)
"Miscellaneous life, physical, and social science technicians","127,222","69,211","58,011",45.6,"42,673","45,323","41,614",91.8
"Education, Legal, Community Service, Arts, and Media Occupations","10,566,994","3,984,993","6,582,001",62.3,"50,890","59,998","47,103",78.5
Community and Social Service Occupations,"1,965,931","706,430","1,259,501",64.1,"44,265","45,984","42,947",93.4
Counselors,"536,072","148,955","387,117",72.2,"45,356","46,279","45,007",97.3
Social workers,"704,192","133,995","570,197",81.0,"44,669","44,973","44,603",99.2
Probation officers and correctional treatment specialists,"81,680","37,849","43,831",53.7,"48,545","48,620","48,480",99.7
Social and human service assistants,"146,414","32,813","113,601",77.6,"37,732","39,459","37,450",94.9
"Miscellaneous community and social service specialists, including health educators and community health workers","63,963","21,744","42,219",66.0,"45,512","49,319","42,490",86.2
Clergy,"347,581","291,732","55,849",16.1,"45,502","46,282","41,571",89.8
"Directors, religious activities and education","45,090","20,243","24,847",55.1,"44,160","51,925","40,845",78.7
"Religious workers, all other","40,939","19,099","21,840",53.3,"35,551","37,461","32,408",86.5
Legal Occupations,"1,405,105","682,419","722,686",51.4,"86,747","121,654","65,014",53.4
Lawyers,"891,088","568,630","322,458",36.2,"122,073","136,043","102,484",75.3
Judicial law clerks,"10,323","3,490","6,833",66.2,"55,882","56,766","52,494",(X)
"Judges, magistrates, and other judicial workers","58,544","32,986","25,558",43.7,"102,861","125,071","80,807",64.6
Paralegals and legal assistants,"318,793","43,287","275,506",86.4,"47,223","49,198","47,073",95.7
Miscellaneous legal support workers,"126,357","34,026","92,331",73.1,"50,997","66,459","46,470",69.9
"Education, Training, and Library Occupations","5,348,821","1,547,041","3,801,780",71.1,"49,619","56,876","46,403",81.6
Postsecondary teachers,"881,345","470,888","410,457",46.6,"67,145","74,485","61,169",82.1
Preschool and kindergarten teachers,"339,677","6,755","332,922",98.0,"25,124","29,102","25,021",86.0
Elementary and middle school teachers,"2,398,445","530,970","1,867,475",77.9,"50,659","53,096","50,021",94.2
Secondary school teachers,"536,264","231,158","305,106",56.9,"52,671","55,800","51,608",92.5
Special education teachers,"178,054","25,632","152,422",85.6,"48,840","49,953","48,703",97.5
Other teachers and instructors,"356,475","167,249","189,226",53.1,"45,426","51,439","40,544",78.8
"Archivists, curators, and museum technicians","36,260","13,889","22,371",61.7,"48,374","52,835","45,296",85.7
Librarians,"115,076","23,238","91,838",79.8,"51,429","57,961","50,671",87.4
Library technicians,"11,386","2,235","9,151",80.4,"31,228","45,951","28,397",(X)
Teacher assistants,"421,376","53,389","367,987",87.3,"22,682","31,063","22,095",71.1
"Other education, training, and library workers","74,463","21,638","52,825",70.9,"52,790","59,582","51,638",86.7
"Arts, Design, Entertainment, Sports, and Media Occupations","1,847,137","1,049,103","798,034",43.2,"51,760","55,625","48,440",87.1
Artists and related workers,"121,771","76,519","45,252",37.2,"45,124","51,669","36,922",71.5
Designers,"628,865","328,481","300,384",47.8,"51,768","60,035","46,516",77.5
Actors,"14,423","8,254","6,169",42.8,"41,201","43,425","36,214",(X)
Producers and directors,"121,999","77,794","44,205",36.2,"68,571","71,577","62,435",87.2
"Athletes, coaches, umpires, and related workers","123,505","91,380","32,125",26.0,"46,393","49,152","41,270",84.0
Dancers and choreographers,"6,556","1,468","5,088",77.6,"31,342","51,586","24,844",(X)
"Musicians, singers, and related workers","66,779","51,875","14,904",22.3,"41,300","41,521","40,399",97.3
"Entertainers and performers, sports and related workers, all other","18,325","11,738","6,587",35.9,"39,303","41,549","31,670",(X)
Announcers,"26,152","19,879","6,273",24.0,"45,767","45,883","45,062",(X)
"News analysts, reporters and correspondents","57,202","31,972","25,230",44.1,"55,372","58,457","50,435",86.3
Public relations specialists,"103,540","35,880","67,660",65.3,"65,386","77,116","61,547",79.8
Editors,"125,387","64,120","61,267",48.9,"55,140","57,665","52,078",90.3
Technical writers,"47,360","19,792","27,568",58.2,"71,388","73,800","70,139",95.0
Writers and authors,"132,235","57,364","74,871",56.6,"55,464","58,065","52,347",90.2
Miscellaneous media and communication workers,"54,009","20,909","33,100",61.3,"42,255","47,608","41,197",86.5
"Miscellaneous media and communications equipment workers, including broadcast and sound engineering technicians and radio operators","70,806","66,356","4,450",6.3,"52,335","54,586","46,794",(X)
Photographers,"90,481","54,402","36,079",39.9,"36,504","41,275","31,254",75.7
"Television, video, and motion picture camera operators and editors","37,742","30,920","6,822",18.1,"51,138","51,388","50,355",(X)
Healthcare Practitioners and Technical Occupations,"6,558,946","1,806,655","4,752,291",72.5,"61,813","81,023","58,404",72.1
Chiropractors,"40,960","31,857","9,103",22.2,"80,466","86,586","57,522",66.4
Dentists,"93,294","65,998","27,296",29.3,"150,132","158,810","115,473",72.7
Dietitians and nutritionists,"70,729","8,095","62,634",88.6,"49,841","47,439","49,886",105.2
Optometrists,"27,134","18,087","9,047",33.3,"117,397","125,489","101,000",80.5
Pharmacists,"214,665","97,539","117,126",54.6,"120,878","122,351","118,461",96.8
Physicians and surgeons,"743,383","489,748","253,635",34.1,"201,542","231,420","166,388",71.9
Physician assistants,"76,018","27,869","48,149",63.3,"101,940","111,673","100,434",89.9
Podiatrists,"6,093","5,140",953,15.6,"126,617","140,350","101,644",(X)
Audiologists,"11,195","2,186","9,009",80.5,"72,760","74,127","72,123",(X)
Occupational therapists,"72,099","9,813","62,286",86.4,"70,679","80,834","70,044",86.7
Physical therapists,"162,536","60,163","102,373",63.0,"77,605","85,149","74,555",87.6
Radiation therapists,"10,165","3,289","6,876",67.6,"88,073","95,008","79,488",(X)
Recreational therapists,"10,160","3,072","7,088",69.8,"40,040","41,037","38,967",(X)
Respiratory therapists,"92,125","37,338","54,787",59.5,"56,532","61,280","52,583",85.8
Speech-language pathologists,"87,443","4,661","82,782",94.7,"63,532","75,360","62,734",(X)
"Miscellaneous therapists, including exercise physiologists","107,797","25,250","82,547",76.6,"50,208","52,202","48,955",93.8
Veterinarians,"65,797","26,912","38,885",59.1,"90,063","103,622","82,228",79.4
Registered nurses,"2,317,493","281,048","2,036,445",87.9,"65,331","70,952","64,413",90.8
Nurse anesthetists,"26,253","10,941","15,312",58.3,"160,522","176,957","151,667",85.7
Nurse midwives,"4,001",0,"4,001",100.0,"101,552",-,"101,552",(X)
Nurse practitioners,"116,166","14,128","102,038",87.8,"100,639","111,130","100,030",90.0
"Health diagnosing and treating practitioners, all other","13,264","5,463","7,801",58.8,"55,718","65,898","51,087",(X)
Clinical laboratory technologists and technicians,"245,278","68,887","176,391",71.9,"48,170","51,112","46,984",91.9
Dental hygienists,"71,498","4,845","66,653",93.2,"56,632","70,807","55,946",(X)
Diagnostic related technologists and technicians,"263,276","88,369","174,907",66.4,"58,828","64,560","55,958",86.7
Emergency medical technicians and paramedics,"167,315","114,281","53,034",31.7,"42,373","46,301","39,941",86.3
Health practitioner support technologists and technicians,"440,607","98,824","341,783",77.6,"32,466","36,093","32,093",88.9
Licensed practical and licensed vocational nurses,"602,316","77,484","524,832",87.1,"38,946","40,939","38,523",94.1
Medical records and health information technicians,"148,302","14,938","133,364",89.9,"38,273","37,208","38,404",103.2
"Opticians, dispensing","48,366","14,044","34,322",71.0,"37,389","50,622","35,058",69.3
Miscellaneous health technologists and technicians,"97,277","36,999","60,278",62.0,"41,207","51,118","36,438",71.3
Other healthcare practitioners and technical occupations,"105,941","59,387","46,554",43.9,"57,179","61,968","52,594",84.9
Service Occupations,"14,746,379","7,397,390","7,348,989",49.8,"27,376","31,738","24,575",77.4
Healthcare Support Occupations,"2,205,309","320,622","1,884,687",85.5,"28,085","31,269","27,470",87.9
"Nursing, psychiatric, and home health aides","1,256,050","174,528","1,081,522",86.1,"26,056","29,503","25,706",87.1
Occupational therapy assistants and aides,"13,820","2,179","11,641",84.2,"51,182","60,709","49,665",(X)
Physical therapist assistants and aides,"59,281","19,380","39,901",67.3,"45,826","48,915","42,677",87.2
Massage therapists,"67,798","16,699","51,099",75.4,"30,766","30,833","30,739",99.7
Dental assistants,"167,955","13,096","154,859",92.2,"31,226","32,231","31,161",96.7
Medical assistants,"382,920","35,341","347,579",90.8,"30,549","32,083","30,418",94.8
Medical transcriptionists,"20,559","1,615","18,944",92.1,"33,597","40,995","33,161",(X)
Pharmacy aides,"21,617","5,064","16,553",76.6,"30,505","36,481","29,651",(X)
Veterinary assistants and laboratory animal caretakers,"28,193","6,400","21,793",77.3,"26,441","35,501","25,095",70.7
Phlebotomists,"82,446","12,560","69,886",84.8,"31,121","30,925","31,160",100.8
"Healthcare support workers, all other, including medical equipment preparers","104,670","33,760","70,910",67.7,"30,124","31,812","28,592",89.9
Protective Service Occupations,"2,516,945","2,036,431","480,514",19.1,"50,773","52,217","41,504",79.5
First-line supervisors of correctional officers,"55,565","39,893","15,672",28.2,"51,570","53,611","48,621",90.7
First-line supervisors of police and detectives,"100,335","84,933","15,402",15.4,"79,259","81,092","70,191",86.6
First-line supervisors of fire fighting and prevention workers,"44,941","43,233","1,708",3.8,"90,571","90,912","85,270",(X)
"First-line supervisors of protective service workers, all other","66,575","49,742","16,833",25.3,"49,305","46,609","54,717",117.4
Firefighters,"265,198","253,361","11,837",4.5,"67,598","68,680","51,926",75.6
Fire inspectors,"19,259","17,157","2,102",10.9,"60,006","60,447","51,104",(X)
"Bailiffs, correctional officers, and jailers","375,720","277,833","97,887",26.1,"44,807","47,005","39,834",84.7
Detectives and criminal investigators,"112,869","85,853","27,016",23.9,"76,604","81,253","61,821",76.1
Fish and game wardens,"4,716","3,820",896,19.0,"52,265","55,234","47,351",(X)
Parking enforcement workers,"4,730","2,329","2,401",50.8,"39,298","41,625","38,221",(X)
Police and sheriff patrol officers,"669,550","582,716","86,834",13.0,"62,852","64,792","57,402",88.6
Transit and railroad police,747,747,0,0.0,"75,603","75,603",-,(X)
Animal control workers,"9,987","5,824","4,163",41.7,"33,303","34,833","32,219",(X)
Private detectives and investigators,"70,181","38,879","31,302",44.6,"56,272","61,192","49,673",81.2
Security guards and gaming surveillance officers,"647,922","505,565","142,357",22.0,"30,422","30,724","28,889",94.0
Crossing guards,"10,864","6,311","4,553",41.9,"32,538","31,130","36,219",(X)
Transportation security screeners,"33,438","22,782","10,656",31.9,"41,793","43,027","40,534",94.2
"Lifeguards and other recreational, and all other protective service workers","24,348","15,453","8,895",36.5,"30,979","36,282","21,087",58.1
Food Preparation and Serving Related Occupations,"3,769,365","2,027,036","1,742,329",46.2,"22,544","24,935","21,224",85.1
Chefs and head cooks,"346,683","276,631","70,052",20.2,"31,461","32,240","27,651",85.8
First-line supervisors of food preparation and serving workers,"409,285","190,025","219,260",53.6,"25,713","29,657","22,979",77.5
Cooks,"1,201,892","775,087","426,805",35.5,"21,756","22,575","20,320",90.0
Food preparation workers,"347,692","155,856","191,836",55.2,"20,506","21,359","19,894",93.1
Bartenders,"226,847","115,120","111,727",49.3,"29,375","31,277","26,017",83.2
"Combined food preparation and serving workers, including fast food","141,425","52,096","89,329",63.2,"20,518","20,728","20,369",98.3
"Counter attendants, cafeteria, food concession, and coffee shop","32,438","12,016","20,422",63.0,"19,179","21,885","17,398",79.5
Waiters and waitresses,"734,635","263,439","471,196",64.1,"22,252","25,855","21,182",81.9
"Food servers, nonrestaurant","76,030","28,696","47,334",62.3,"24,489","27,481","23,021",83.8
Dining room and cafeteria attendants and bartender helpers,"91,150","56,105","35,045",38.4,"21,276","22,449","18,832",83.9
Dishwashers,"110,513","91,810","18,703",16.9,"19,808","19,848","19,550",98.5
"Hosts and hostesses, restaurant, lounge, and coffee shop","46,117","7,311","38,806",84.1,"19,751","22,335","19,022",(X)
"Food preparation and serving related workers, all other","4,658","2,844","1,814",38.9,"20,199","20,559","19,202",(X)
Building and Grounds Cleaning and Maintenance Occupations,"3,516,387","2,331,552","1,184,835",33.7,"26,420","30,043","21,933",73.0
First-line supervisors of housekeeping and janitorial workers,"173,482","117,566","55,916",32.2,"36,399","41,024","28,875",70.4
"First-line supervisors of landscaping, lawn service, and groundskeeping workers","128,673","121,311","7,362",5.7,"40,635","40,774","36,184",88.7
Janitors and building cleaners,"1,553,626","1,136,790","416,836",26.8,"27,742","30,654","22,962",74.9
Maids and housekeeping cleaners,"790,133","128,212","661,921",83.8,"21,476","25,788","21,000",81.4
Pest control workers,"68,409","65,344","3,065",4.5,"37,802","37,805","37,420",(X)
Grounds maintenance workers,"802,064","762,329","39,735",5.0,"25,708","25,838","22,944",88.8
Personal Care and Service Occupations,"2,738,373","681,749","2,056,624",75.1,"25,119","30,831","23,318",75.6
First-line supervisors of gaming workers,"18,772","11,389","7,383",39.3,"45,671","50,429","41,069",81.4
First-line supervisors of personal service workers,"74,093","25,605","48,488",65.4,"32,240","41,425","30,569",73.8
Animal trainers,"29,055","14,018","15,037",51.8,"29,978","34,134","26,578",77.9
Nonfarm animal caretakers,"120,981","34,640","86,341",71.4,"25,210","30,133","23,724",78.7
Gaming services workers,"61,881","34,548","27,333",44.2,"39,726","41,137","36,013",87.5
Motion picture projectionists,"1,303","1,065",238,18.3,"48,374","49,900","21,932",(X)
"Ushers, lobby attendants, and ticket takers","6,511","3,855","2,656",40.8,"28,929","30,020","27,430",(X)
Miscellaneous entertainment attendants and related workers,"57,391","31,464","25,927",45.2,"25,263","27,418","21,946",80.0
Embalmers and funeral attendants,"6,580","5,293","1,287",19.6,"29,048","28,629","29,681",(X)
"Morticians, undertakers, and funeral directors","30,549","22,471","8,078",26.4,"51,310","52,119","42,161",80.9
Barbers,"68,864","56,579","12,285",17.8,"25,416","26,320","21,195",80.5
"Hairdressers, hairstylists, and cosmetologists","447,533","52,211","395,322",88.3,"26,146","31,601","25,636",81.1
Miscellaneous personal appearance workers,"206,248","34,993","171,255",83.0,"23,474","26,356","22,777",86.4
"Baggage porters, bellhops, and concierges","60,412","47,690","12,722",21.1,"31,604","33,549","27,122",80.8
Tour and travel guides,"18,870","11,893","6,977",37.0,"30,693","31,305","29,836",(X)
Childcare workers,"551,286","34,354","516,932",93.8,"21,395","25,324","21,212",83.8
Personal care aides,"692,735","132,541","560,194",80.9,"22,578","25,856","22,159",85.7
Recreation and fitness workers,"184,743","79,514","105,229",57.0,"31,582","35,050","30,284",86.4
Residential advisors,"26,803","10,295","16,508",61.6,"28,627","30,144","27,901",92.6
"Personal care and service workers, all other","73,763","37,331","36,432",49.4,"26,185","27,148","24,883",91.7
Sales and Office Occupations,"23,561,354","9,860,678","13,700,676",58.1,"38,602","46,408","35,368",76.2
Sales and Related Occupations,"10,085,935","5,907,517","4,178,418",41.4,"43,647","51,791","34,226",66.1
First-line supervisors of retail sales workers,"2,677,578","1,537,529","1,140,049",42.6,"40,573","46,343","33,778",72.9
First-line supervisors of non-retail sales workers,"1,074,798","748,785","326,013",30.3,"65,016","67,434","58,166",86.3
Cashiers,"1,019,364","293,166","726,198",71.2,"21,000","22,413","20,482",91.4
Counter and rental clerks,"52,412","30,604","21,808",41.6,"31,285","35,907","25,780",71.8
Parts salespersons,"92,199","83,465","8,734",9.5,"35,832","36,526","30,509",83.5
Retail salespersons,"1,716,984","1,047,929","669,055",39.0,"32,480","40,116","26,781",66.8
Advertising sales agents,"148,263","72,790","75,473",50.9,"61,018","66,149","56,104",84.8
Insurance sales agents,"442,385","232,516","209,869",47.4,"51,364","62,412","42,316",67.8
"Securities, commodities, and financial services sales agents","199,539","142,840","56,699",28.4,"91,885","115,432","58,726",50.9
Travel agents,"49,901","11,210","38,691",77.5,"41,744","46,173","40,707",88.2
"Sales representatives, services, all other","534,512","368,392","166,120",31.1,"66,475","71,706","56,236",78.4
"Sales representatives, wholesale and manufacturing","1,182,664","878,257","304,407",25.7,"65,716","70,464","54,077",76.7
"Models, demonstrators, and product promoters","12,940","4,816","8,124",62.8,"31,463","42,193","28,908",(X)
Real estate brokers and sales agents,"576,380","278,623","297,757",51.7,"57,486","69,512","50,662",72.9
Sales engineers,"35,706","33,085","2,621",7.3,"111,522","113,110","80,101",(X)
Telemarketers,"41,866","16,569","25,297",60.4,"25,732","27,152","25,125",92.5
"Door-to-door sales workers, news and street vendors, and related workers","49,513","25,691","23,822",48.1,"30,475","35,417","25,753",72.7
"Sales and related workers, all other","178,931","101,250","77,681",43.4,"54,472","61,262","48,884",79.8
Office and Administrative Support Occupations,"13,475,419","3,953,161","9,522,258",70.7,"36,290","40,053","35,548",88.8
First-line supervisors of office and administrative support workers,"1,187,429","479,925","707,504",59.6,"50,070","56,346","45,996",81.6
"Switchboard operators, including answering service","17,734","3,612","14,122",79.6,"30,456","32,279","29,428",(X)
Telephone operators,"24,570","7,004","17,566",71.5,"31,443","36,713","30,077",(X)
"Communications equipment operators, all other","6,802","2,751","4,051",59.6,"43,269","57,401","36,789",(X)
Bill and account collectors,"123,438","35,970","87,468",70.9,"35,448","38,514","34,145",88.7
Billing and posting clerks,"396,298","45,845","350,453",88.4,"35,026","39,843","34,424",86.4
"Bookkeeping, accounting, and auditing clerks","829,531","105,920","723,611",87.2,"39,329","42,013","38,665",92.0
Gaming cage workers,"7,661","2,566","5,095",66.5,"29,747","30,445","29,454",(X)
Payroll and timekeeping clerks,"131,052","16,608","114,444",87.3,"41,313","49,112","40,922",83.3
Procurement clerks,"29,591","13,472","16,119",54.5,"56,309","60,750","51,406",84.6
Tellers,"211,343","28,579","182,764",86.5,"26,405","26,674","26,361",98.8
"Financial clerks, all other","102,650","47,844","54,806",53.4,"55,627","80,037","45,021",56.3
Brokerage clerks,"5,600","1,925","3,675",65.6,"47,489","55,744","46,240",(X)
Correspondence clerks,"3,925","1,603","2,322",59.2,"48,989","45,353","50,434",(X)
"Court, municipal, and license clerks","62,021","12,876","49,145",79.2,"38,317","45,566","37,355",82.0
"Credit authorizers, checkers, and clerks","30,897","8,454","22,443",72.6,"41,698","51,812","40,120",77.4
Customer service representatives,"1,782,634","624,476","1,158,158",65.0,"33,442","36,744","32,095",87.3
"Eligibility interviewers, government programs","73,673","14,480","59,193",80.3,"41,945","49,343","41,024",83.1
File clerks,"137,412","30,743","106,669",77.6,"34,159","36,584","33,224",90.8
"Hotel, motel, and resort desk clerks","85,672","28,143","57,529",67.2,"22,230","24,328","21,575",88.7
"Interviewers, except eligibility and loan","85,914","14,408","71,506",83.2,"31,905","40,750","31,371",77.0
"Library assistants, clerical","32,411","5,476","26,935",83.1,"30,777","30,821","30,768",(X)
Loan interviewers and clerks,"111,389","21,075","90,314",81.1,"41,419","45,018","41,065",91.2
New accounts clerks,"11,515","3,187","8,328",72.3,"35,639","41,611","32,278",(X)
Order clerks,"97,111","46,722","50,389",51.9,"32,234","35,154","31,110",88.5
"Human resources assistants, except payroll and timekeeping","41,036","6,446","34,590",84.3,"39,336","42,269","38,544",91.2
Receptionists and information clerks,"654,662","62,554","592,108",90.4,"28,555","29,582","28,444",96.2
Reservation and transportation ticket agents and travel clerks,"95,666","40,719","54,947",57.4,"38,473","41,701","36,670",87.9
"Information and record clerks, all other","78,023","18,649","59,374",76.1,"37,235","41,564","36,385",87.5
Cargo and freight agents,"18,080","12,010","6,070",33.6,"39,230","40,883","34,028",(X)
Couriers and messengers,"141,348","118,900","22,448",15.9,"37,585","39,751","31,910",80.3
Dispatchers,"246,262","114,123","132,139",53.7,"38,780","41,998","35,987",85.7
"Meter readers, utilities","22,784","20,083","2,701",11.9,"40,726","41,069","36,016",(X)
Postal service clerks,"97,883","48,811","49,072",50.1,"55,378","56,060","53,272",95.0
Postal service mail carriers,"281,178","179,493","101,685",36.2,"56,755","58,358","53,337",91.4
"Postal service mail sorters, processors, and processing machine operators","50,704","25,280","25,424",50.1,"54,397","56,107","51,252",91.3
"Production, planning, and expediting clerks","283,387","121,074","162,313",57.3,"48,582","61,813","40,678",65.8
"Shipping, receiving, and traffic clerks","475,270","338,248","137,022",28.8,"31,175","31,887","28,869",90.5
Stock clerks and order fillers,"905,020","602,176","302,844",33.5,"27,212","27,445","26,749",97.5
"Weighers, measurers, checkers, and samplers, recordkeeping","58,258","30,597","27,661",47.5,"35,545","37,906","31,956",84.3
Secretaries and administrative assistants,"2,226,591","118,739","2,107,852",94.7,"37,122","42,411","36,929",87.1
Computer operators,"75,141","41,335","33,806",45.0,"42,199","51,176","38,041",74.3
Data entry keyers,"218,791","51,255","167,536",76.6,"32,441","35,201","32,168",91.4
Word processors and typists,"198,318","31,601","166,717",84.1,"34,645","38,353","33,909",88.4
Desktop publishers,"1,413",878,535,37.9,"38,949","43,391","32,024",(X)
Insurance claims and policy processing clerks,"325,075","63,360","261,715",80.5,"37,301","40,881","36,812",90.0
"Mail clerks and mail machine operators, except postal service","53,499","27,874","25,625",47.9,"29,624","31,777","26,983",84.9
"Office clerks, general","841,347","145,063","696,284",82.8,"34,654","39,885","33,492",84.0
"Office machine operators, except computer","26,251","9,726","16,525",62.9,"30,788","37,057","28,449",76.8
Proofreaders and copy markers,"6,113","2,139","3,974",65.0,"40,435","38,538","41,357",(X)
Statistical assistants,"15,243","6,858","8,385",55.0,"50,405","52,172","47,920",91.9
"Office and administrative support workers, all other","449,803","111,506","338,297",75.2,"41,080","46,448","40,209",86.6
"Natural Resources, Construction, and Maintenance Occupations","10,336,235","9,943,126","393,109",3.8,"41,407","41,612","31,194",75.0
"Farming, Fishing, and Forestry Occupations","644,116","533,883","110,233",17.1,"26,661","28,231","21,214",75.1
"First-line supervisors of farming, fishing, and forestry workers","50,964","44,390","6,574",12.9,"41,273","42,138","31,416",74.6
Agricultural inspectors,"12,725","7,187","5,538",43.5,"49,889","47,000","52,455",111.6
Animal breeders,"3,290","2,273","1,017",30.9,"30,110","36,109","27,743",(X)
"Graders and sorters, agricultural products","32,820","11,478","21,342",65.0,"21,235","22,957","20,791",90.6
Miscellaneous agricultural workers,"470,635","398,935","71,700",15.2,"25,442","26,404","20,399",77.3
Fishing and hunting workers,"21,825","20,865",960,4.4,"31,986","32,200","25,595",(X)
Forest and conservation workers,"9,824","8,377","1,447",14.7,"36,088","37,410","29,661",(X)
Logging workers,"42,033","40,378","1,655",3.9,"32,394","33,045","21,427",(X)
Construction and Extraction Occupations,"5,684,325","5,535,847","148,478",2.6,"40,852","40,926","35,859",87.6
First-line supervisors of construction trades and extraction workers,"670,638","649,980","20,658",3.1,"59,536","60,145","45,174",75.1
Boilermakers,"10,997","10,890",107,1.0,"55,239","55,370",-,(X)
"Brickmasons, blockmasons, and stonemasons","98,752","98,324",428,0.4,"33,569","33,437","52,637",(X)
Carpenters,"863,456","846,846","16,610",1.9,"36,344","36,414","31,637",86.9
"Carpet, floor, and tile installers and finishers","115,722","113,490","2,232",1.9,"34,531","34,773","30,610",(X)
"Cement masons, concrete finishers, and terrazzo workers","37,336","37,215",121,0.3,"37,227","37,287",-,(X)
Construction laborers,"1,180,144","1,150,257","29,887",2.5,"32,162","32,214","30,378",94.3
"Paving, surfacing, and tamping equipment operators","11,253","10,740",513,4.6,"41,825","42,075","40,967",(X)
"Operating engineers and other construction equipment operators, including pile-driver operators","269,313","262,747","6,566",2.4,"46,503","46,485","50,129",107.8
"Drywall installers, ceiling tile installers, and tapers","97,916","95,903","2,013",2.1,"31,344","31,450","21,351",(X)
Electricians,"647,922","635,090","12,832",2.0,"51,278","51,289","50,082",97.6
Glaziers,"37,172","37,023",149,0.4,"40,202","40,196","41,583",(X)
Insulation workers,"39,022","37,762","1,260",3.2,"36,329","36,411","32,216",(X)
"Painters, construction and maintenance","359,202","342,580","16,622",4.6,"30,778","30,840","28,608",92.8
Paperhangers,"2,130","1,494",636,29.9,"39,968","51,503","30,208",(X)
"Pipelayers, plumbers, pipefitters, and steamfitters","478,329","470,850","7,479",1.6,"47,032","47,046","45,525",96.8
Plasterers and stucco masons,"22,350","22,059",291,1.3,"31,073","31,084","30,701",(X)
Reinforcing iron and rebar workers,"5,730","5,730",0,0.0,"41,008","41,008",-,(X)
Roofers,"143,180","141,632","1,548",1.1,"30,330","30,268","50,141",(X)
Sheet metal workers,"97,860","93,784","4,076",4.2,"41,644","41,844","31,804",(X)
Structural iron and steel workers,"45,672","44,643","1,029",2.3,"50,902","50,571","70,904",(X)
"Helpers, construction trades","26,342","25,104","1,238",4.7,"26,554","26,378","31,607",(X)
Construction and building inspectors,"74,917","66,256","8,661",11.6,"56,109","57,669","50,025",86.7
Elevator installers and repairers,"22,574","22,119",455,2.0,"84,181","85,281","41,783",(X)
Fence erectors,"22,014","21,176",838,3.8,"30,844","30,985","22,235",(X)
Hazardous materials removal workers,"23,647","19,634","4,013",17.0,"36,733","40,524","22,296",(X)
Highway maintenance workers,"84,345","81,531","2,814",3.3,"39,354","39,654","31,523",(X)
Rail-track laying and maintenance equipment operators,"10,530","10,221",309,2.9,"56,883","58,917","50,596",(X)
Septic tank servicers and sewer pipe cleaners,"9,144","8,970",174,1.9,"41,736","41,925","16,726",(X)
"Miscellaneous construction and related workers, including solar photovoltaic installers","44,893","42,825","2,068",4.6,"35,661","35,573","36,556",(X)
"Derrick, rotary drill, and service unit operators, oil, gas, and mining","15,635","15,545",90,0.6,"70,098","70,027","158,929",(X)
"Earth drillers, except oil and gas","19,354","19,188",166,0.9,"45,658","45,957",-,(X)
"Explosives workers, ordnance handling experts, and blasters","9,819","8,893",926,9.4,"54,454","51,456","66,068",(X)
Mining machine operators,"41,476","41,142",334,0.8,"66,863","66,715","91,628",(X)
"Roof bolters, mining","1,602","1,602",0,0.0,"75,466","75,466",-,(X)
"Roustabouts, oil and gas","4,808","4,766",42,0.9,"43,034","43,483",-,(X)
Helpers--extraction workers,"1,490","1,490",0,0.0,"55,011","55,011",-,(X)
Other extraction workers,"37,639","36,346","1,293",3.4,"54,426","55,503","26,987",(X)
"Installation, Maintenance, and Repair Occupations","4,007,794","3,873,396","134,398",3.4,"45,939","46,092","40,827",88.6
"First-line supervisors of mechanics, installers, and repairers","245,683","228,738","16,945",6.9,"60,447","60,653","52,313",86.2
"Computer, automated teller, and office machine repairers","145,593","129,949","15,644",10.7,"43,661","43,659","43,673",100.0
Radio and telecommunications equipment installers and repairers,"138,322","125,899","12,423",9.0,"52,338","52,854","43,442",82.2
Avionics technicians,"14,223","12,971","1,252",8.8,"53,595","55,164","41,295",(X)
"Electric motor, power tool, and related repairers","19,319","18,438",881,4.6,"45,532","46,449","21,283",(X)
"Electrical and electronics installers and repairers, transportation equipment","1,414","1,360",54,3.8,"50,787","51,259",-,(X)
"Electrical and electronics repairers, industrial and utility","11,642","11,189",453,3.9,"61,825","62,348","34,616",(X)
"Electronic equipment installers and repairers, motor vehicles","6,365","6,247",118,1.9,"33,643","33,363","43,438",(X)
Electronic home entertainment equipment installers and repairers,"30,552","29,243","1,309",4.3,"41,409","41,809","31,886",(X)
Security and fire alarm systems installers,"55,556","54,344","1,212",2.2,"42,132","42,195","32,085",(X)
Aircraft mechanics and service technicians,"135,682","129,265","6,417",4.7,"61,530","61,757","52,219",(X)
Automotive body and related repairers,"119,554","117,442","2,112",1.8,"40,841","40,984","21,989",(X)
Automotive glass installers and repairers,"13,994","13,660",334,2.4,"36,565","36,680","31,938",(X)
Automotive service technicians and mechanics,"726,437","717,661","8,776",1.2,"36,634","36,695","28,342",77.2
Bus and truck mechanics and diesel engine specialists,"274,372","271,606","2,766",1.0,"45,320","45,423","35,206",(X)
Heavy vehicle and mobile equipment service technicians and mechanics,"185,817","183,026","2,791",1.5,"51,142","51,192","36,781",(X)
Small engine mechanics,"33,288","32,974",314,0.9,"32,818","32,920","30,427",(X)
"Miscellaneous vehicle and mobile equipment mechanics, installers, and repairers","59,830","58,748","1,082",1.8,"30,297","30,233","31,652",(X)
Control and valve installers and repairers,"16,320","15,687",633,3.9,"52,039","52,281","40,096",(X)
"Heating, air conditioning, and refrigeration mechanics and installers","328,423","323,520","4,903",1.5,"45,440","45,558","36,241",(X)
Home appliance repairers,"29,270","27,938","1,332",4.6,"38,745","39,861","21,141",(X)
Industrial and refractory machinery mechanics,"350,416","339,183","11,233",3.2,"51,050","51,187","43,169",84.3
"Maintenance and repair workers, general","438,171","426,084","12,087",2.8,"44,573","45,007","35,977",79.9
"Maintenance workers, machinery","26,300","24,982","1,318",5.0,"48,447","49,195","36,327",(X)
Millwrights,"37,285","36,664",621,1.7,"61,877","62,133","47,123",(X)
Electrical power-line installers and repairers,"106,191","105,150","1,041",1.0,"70,012","70,154","41,238",(X)
Telecommunications line installers and repairers,"125,604","120,639","4,965",4.0,"50,164","49,989","56,978",(X)
Precision instrument and equipment repairers,"47,211","42,058","5,153",10.9,"51,655","53,697","38,147",(X)
"Coin, vending, and amusement machine servicers and repairers","26,515","23,061","3,454",13.0,"36,449","37,557","28,092",(X)
Commercial divers,"4,002","3,818",184,4.6,"37,395","40,311",-,(X)
Locksmiths and safe repairers,"20,462","19,179","1,283",6.3,"42,329","44,176","31,038",(X)
Manufactured building and mobile home installers,"2,508","2,508",0,0.0,"41,394","41,394",-,(X)
Riggers,"10,169","10,034",135,1.3,"49,346","50,086","31,276",(X)
Signal and track switch repairers,"4,503","4,444",59,1.3,"75,309","75,265",-,(X)
"Helpers--installation, maintenance, and repair workers","12,046","11,641",405,3.4,"31,302","31,076","35,351",(X)
"Other installation, maintenance, and repair workers, including wind turbine service technicians","204,755","194,046","10,709",5.2,"40,529","40,789","34,637",84.9
"Production, Transportation, and Material Moving Occupations","13,690,271","10,929,107","2,761,164",20.2,"36,713","40,181","27,925",69.5
Production Occupations,"7,084,690","5,206,127","1,878,563",26.5,"36,773","40,898","28,241",69.1
First-line supervisors of production and operating workers,"836,803","677,383","159,420",19.1,"52,520","56,343","41,397",73.5
"Aircraft structure, surfaces, rigging, and systems assemblers","5,359","4,399",960,17.9,"46,687","50,047","31,082",(X)
"Electrical, electronics, and electromechanical assemblers","105,464","53,762","51,702",49.0,"31,438","34,772","29,682",85.4
Engine and other machine assemblers,"11,383","9,632","1,751",15.4,"45,794","50,418","29,740",(X)
Structural metal fabricators and fitters,"23,431","22,602",829,3.5,"43,039","42,896","45,391",(X)
Miscellaneous assemblers and fabricators,"811,317","511,277","300,040",37.0,"31,485","33,412","28,313",84.7
Bakers,"148,282","68,168","80,114",54.0,"25,848","26,896","24,665",91.7
"Butchers and other meat, poultry, and fish processing workers","202,694","159,194","43,500",21.5,"29,474","30,898","25,313",81.9
"Food and tobacco roasting, baking, and drying machine operators and tenders","8,787","6,425","2,362",26.9,"29,654","31,168","26,246",(X)
Food batchmakers,"63,244","28,012","35,232",55.7,"27,101","31,939","25,315",79.3
Food cooking machine operators and tenders,"6,230","3,118","3,112",50.0,"26,528","31,345","19,516",(X)
"Food processing workers, all other","113,094","74,917","38,177",33.8,"31,967","34,446","29,998",87.1
Computer control programmers and operators,"84,907","77,415","7,492",8.8,"44,235","45,373","35,785",78.9
"Extruding and drawing machine setters, operators, and tenders, metal and plastic","12,248","10,632","1,616",13.2,"36,047","36,243","33,269",(X)
"Forging machine setters, operators, and tenders, metal and plastic","6,023","5,882",141,2.3,"45,387","45,495","40,659",(X)
"Rolling machine setters, operators, and tenders, metal and plastic","8,890","6,446","2,444",27.5,"35,268","41,292","31,361",(X)
"Cutting, punching, and press machine setters, operators, and tenders, metal and plastic","73,711","61,267","12,444",16.9,"32,249","33,096","29,971",90.6
"Drilling and boring machine tool setters, operators, and tenders, metal and plastic","4,257","3,563",694,16.3,"40,872","46,574","25,953",(X)
"Grinding, lapping, polishing, and buffing machine tool setters, operators, and tenders, metal and plastic","38,492","34,722","3,770",9.8,"32,512","33,540","26,940",(X)
"Lathe and turning machine tool setters, operators, and tenders, metal and plastic","8,021","7,150",871,10.9,"37,408","40,042","32,740",(X)
"Milling and planing machine setters, operators, and tenders, metal and plastic","1,798","1,510",288,16.0,"37,477","43,523","11,674",(X)
Machinists,"297,165","284,315","12,850",4.3,"46,666","47,139","32,065",68.0
"Metal furnace operators, tenders, pourers, and casters","20,923","18,354","2,569",12.3,"43,427","45,277","31,818",(X)
"Model makers and patternmakers, metal and plastic","4,276","3,680",596,13.9,"49,469","49,528","44,894",(X)
"Molders and molding machine setters, operators, and tenders, metal and plastic","33,959","28,251","5,708",16.8,"35,532","37,402","29,056",77.7
"Multiple machine tool setters, operators, and tenders, metal and plastic","2,097","1,884",213,10.2,"47,536","50,644","46,329",(X)
Tool and die makers,"50,267","49,521",746,1.5,"55,390","55,465","48,137",(X)
"Welding, soldering, and brazing workers","475,547","449,552","25,995",5.5,"40,394","40,770","31,097",76.3
"Heat treating equipment setters, operators, and tenders, metal and plastic","6,474","6,135",339,5.2,"44,329","45,883","24,395",(X)
"Layout workers, metal and plastic","5,546","4,862",684,12.3,"51,240","52,147","46,871",(X)
"Plating and coating machine setters, operators, and tenders, metal and plastic","12,839","11,669","1,170",9.1,"32,560","33,452","31,061",(X)
"Tool grinders, filers, and sharpeners","5,015","4,845",170,3.4,"44,996","45,398","30,923",(X)
"Metal workers and plastic workers, all other","326,498","258,055","68,443",21.0,"35,076","36,748","29,096",79.2
Prepress technicians and workers,"17,187","9,888","7,299",42.5,"36,257","41,563","30,647",73.7
"Printing workers, except prepress technicians and workers","157,832","125,189","32,643",20.7,"37,214","40,598","28,722",70.7
Laundry and dry-cleaning workers,"116,109","46,921","69,188",59.6,"22,823","26,697","21,245",79.6
"Pressers, textile, garment, and related materials","24,529","10,530","13,999",57.1,"21,308","26,667","19,094",71.6
Sewing machine operators,"129,635","38,708","90,927",70.1,"23,027","25,189","22,358",88.8
Shoe and leather workers and repairers,"8,294","6,063","2,231",26.9,"26,559","27,021","25,825",(X)
Shoe machine operators and tenders,"2,149",766,"1,383",64.4,"23,349","25,646","20,446",(X)
"Tailors, dressmakers, and sewers","38,822","11,704","27,118",69.9,"26,152","36,186","23,975",66.3
Textile bleaching and dyeing machine operators and tenders,"1,234",849,385,31.2,"26,938","30,574","23,655",(X)
"Textile cutting machine setters, operators, and tenders","6,067","3,153","2,914",48.0,"22,483","24,093","21,768",(X)
"Textile knitting and weaving machine setters, operators, and tenders","7,421","3,616","3,805",51.3,"28,490","30,297","27,888",(X)
"Textile winding, twisting, and drawing out machine setters, operators, and tenders","9,640","3,818","5,822",60.4,"26,440","27,864","25,962",(X)
Fabric and apparel patternmakers,"2,114",368,"1,746",82.6,"61,630","66,227","61,097",(X)
Upholsterers,"23,251","19,562","3,689",15.9,"33,082","35,421","29,958",(X)
"Miscellaneous textile, apparel, and furnishings workers, including extruding and forming machine setters, operators, and tenders, synthetic and glass fibers","12,112","7,106","5,006",41.3,"31,173","33,827","28,770",(X)
Cabinetmakers and bench carpenters,"44,283","41,443","2,840",6.4,"35,113","36,097","27,509",(X)
Furniture finishers,"7,973","6,435","1,538",19.3,"31,457","34,727","21,619",(X)
"Sawing machine setters, operators, and tenders, wood","25,859","22,926","2,933",11.3,"27,707","28,859","23,684",(X)
"Woodworking machine setters, operators, and tenders, except sawing","15,419","12,322","3,097",20.1,"27,718","30,243","24,063",(X)
"Miscellaneous woodworkers, including model makers and patternmakers","22,665","20,666","1,999",8.8,"32,046","32,052","31,993",(X)
"Power plant operators, distributors, and dispatchers","42,662","39,345","3,317",7.8,"89,417","90,326","72,348",(X)
Stationary engineers and boiler operators,"80,093","78,076","2,017",2.5,"60,018","60,049","52,121",(X)
Water and wastewater treatment plant and system operators,"78,358","75,104","3,254",4.2,"48,818","49,659","40,614",(X)
Miscellaneous plant and system operators,"37,531","35,295","2,236",6.0,"63,780","64,776","54,020",(X)
"Chemical processing machine setters, operators, and tenders","48,578","43,856","4,722",9.7,"51,853","51,737","54,830",(X)
"Crushing, grinding, polishing, mixing, and blending workers","66,068","57,898","8,170",12.4,"37,087","38,136","29,582",77.6
Cutting workers,"51,485","41,676","9,809",19.1,"30,780","31,798","26,199",82.4
"Extruding, forming, pressing, and compacting machine setters, operators, and tenders","23,961","20,153","3,808",15.9,"36,321","38,619","24,726",(X)
"Furnace, kiln, oven, drier, and kettle operators and tenders","10,409","8,744","1,665",16.0,"42,352","45,284","36,547",(X)
"Inspectors, testers, sorters, samplers, and weighers","666,282","414,113","252,169",37.8,"41,029","47,048","32,183",68.4
Jewelers and precious stone and metal workers,"25,368","17,016","8,352",32.9,"32,523","40,173","25,842",64.3
"Medical, dental, and ophthalmic laboratory technicians","58,471","30,351","28,120",48.1,"36,146","41,304","32,104",77.7
Packaging and filling machine operators and tenders,"204,703","94,628","110,075",53.8,"27,178","31,391","24,791",79.0
Painting workers,"126,596","111,321","15,275",12.1,"36,898","39,257","26,885",68.5
Photographic process workers and processing machine operators,"17,651","9,662","7,989",45.3,"31,397","37,525","26,314",70.1
Semiconductor processors,"1,741","1,203",538,30.9,"36,791","36,050","41,018",(X)
Adhesive bonding machine operators and tenders,"6,765","3,859","2,906",43.0,"26,961","36,218","19,670",(X)
"Cleaning, washing, and metal pickling equipment operators and tenders","3,785","2,887",898,23.7,"31,971","33,674","25,705",(X)
Cooling and freezing equipment operators and tenders,"2,374","2,071",303,12.8,"47,469","48,516","33,696",(X)
Etchers and engravers,"8,059","6,017","2,042",25.3,"32,736","35,017","31,354",(X)
"Molders, shapers, and casters, except metal and plastic","22,330","19,527","2,803",12.6,"32,017","33,234","25,597",(X)
"Paper goods machine setters, operators, and tenders","24,020","17,945","6,075",25.3,"38,661","42,381","26,883",(X)
Tire builders,"12,530","11,501","1,029",8.2,"41,969","41,952","45,525",(X)
Helpers--production workers,"23,695","19,206","4,489",18.9,"28,256","30,140","25,318",(X)
"Production workers, all other","953,539","704,041","249,498",26.2,"35,030","37,414","27,236",72.8
Transportation and Material Moving Occupations,"6,605,581","5,722,980","882,601",13.4,"36,644","38,520","27,349",71.0
Transportation Occupations,"4,017,489","3,621,746","395,743",9.9,"41,788","42,389","31,991",75.5
Supervisors of transportation and material moving workers,"196,226","156,914","39,312",20.0,"51,318","53,614","40,710",75.9
Aircraft pilots and flight engineers,"102,512","96,231","6,281",6.1,"102,155","102,479","90,665",(X)
Air traffic controllers and airfield operations specialists,"29,978","24,679","5,299",17.7,"90,935","92,499","72,322",(X)
Flight attendants,"53,686","15,733","37,953",70.7,"48,586","59,579","42,869",72.0
"Ambulance drivers and attendants, except emergency medical technicians","10,405","8,616","1,789",17.2,"28,239","28,017","30,258",(X)
Bus drivers,"280,228","178,493","101,735",36.3,"35,222","38,539","29,570",76.7
Driver/sales workers and truck drivers,"2,695,081","2,570,385","124,696",4.6,"42,200","42,435","32,237",76.0
Taxi drivers and chauffeurs,"302,027","265,426","36,601",12.1,"27,925","29,130","25,365",87.1
"Motor vehicle operators, all other","17,956","15,257","2,699",15.0,"30,386","30,781","24,567",(X)
Locomotive engineers and operators,"43,277","41,071","2,206",5.1,"85,678","85,978","80,335",(X)
"Railroad brake, signal, and switch operators","3,553","3,317",236,6.6,"60,383","60,913",-,(X)
Railroad conductors and yardmasters,"43,761","41,145","2,616",6.0,"71,955","72,667","58,522",(X)
"Subway, streetcar, and other rail transportation workers","14,379","12,538","1,841",12.8,"66,028","66,705","50,528",(X)
Sailors and marine oilers,"15,230","13,658","1,572",10.3,"47,279","47,363","37,364",(X)
Ship and boat captains and operators,"24,058","22,985","1,073",4.5,"73,064","74,068","60,630",(X)
Ship engineers,"3,026","2,713",313,10.3,"76,236","75,670",-,(X)
Bridge and lock tenders,"3,937","3,590",347,8.8,"52,388","53,088","46,458",(X)
Parking lot attendants,"46,169","40,140","6,029",13.1,"23,264","23,580","22,742",(X)
Automotive and watercraft service attendants,"59,150","52,107","7,043",11.9,"23,322","23,813","21,091",(X)
Transportation inspectors,"39,784","34,774","5,010",12.6,"60,174","61,564","40,751",(X)
"Transportation attendants, except flight attendants","15,697","7,554","8,143",51.9,"29,067","36,822","26,206",(X)
Other transportation workers,"17,369","14,420","2,949",17.0,"36,282","38,674","27,308",(X)
Material Moving Occupations,"2,588,092","2,101,234","486,858",18.8,"30,616","31,564","25,006",79.2
Conveyor operators and tenders,"4,427","3,447",980,22.1,"36,974","38,235","30,806",(X)
Crane and tower operators,"53,751","52,233","1,518",2.8,"58,290","58,643","40,682",(X)
"Dredge, excavating, and loading machine operators","27,092","26,712",380,1.4,"42,058","42,289","31,116",(X)
Hoist and winch operators,"5,934","5,731",203,3.4,"50,089","50,364",-,(X)
Industrial truck and tractor operators,"501,490","465,444","36,046",7.2,"32,303","32,305","32,272",99.9
Cleaners of vehicles and equipment,"225,496","192,986","32,510",14.4,"25,839","26,267","22,073",84.0
"Laborers and freight, stock, and material movers, hand","1,340,831","1,107,839","232,992",17.4,"30,729","31,424","26,312",83.7
Machine feeders and offbearers,"15,745","9,103","6,642",42.2,"29,485","32,497","22,554",(X)
"Packers and packagers, hand","292,614","128,616","163,998",56.0,"23,676","26,211","22,013",84.0
Pumping station operators,"19,540","18,917",623,3.2,"62,096","62,053","67,083",(X)
Refuse and recyclable material collectors,"65,170","58,851","6,319",9.7,"32,367","34,488","24,268",(X)
Mine shuttle car operators,732,722,10,1.4,"43,866","43,808",-,(X)
"Tank car, truck, and ship loaders","4,198","4,155",43,1.0,"44,079","44,487",-,(X)
"Material moving workers, all other","31,072","26,478","4,594",14.8,"35,716","36,013","31,922",(X)
